{"entities":{"pages":{"About-Me":{"id":"About-Me","title":"About Me","url":"about-me.html","level":0,"tabIndex":0},"Sample-1":{"id":"Sample-1","title":"Sample 1: Method reference - findNeedles","url":"sample-1.html","level":0,"tabIndex":1},"Sample-2":{"id":"Sample-2","title":"Sample 2: Concepts","url":"sample-2.html","level":0,"tabIndex":2},"Sample-3-Instructions":{"id":"Sample-3-Instructions","title":"Sample 3: Instructions","url":"sample-3-instructions.html","level":0,"tabIndex":3},"Live-documentation-user":{"id":"Live-documentation-user","title":"Live documentation - Product","url":"live-documentation-user.html","level":0,"tabIndex":4},"Live-documentation-SDK":{"id":"Live-documentation-SDK","title":"Live documentation - SDK","url":"live-documentation-sdk.html","level":0,"tabIndex":5}}},"topLevelIds":["About-Me","Sample-1","Sample-2","Sample-3-Instructions","Live-documentation-user","Live-documentation-SDK"]}